<?xml version="1.0" standalone="no" ?>
<manifest identifier="QwGP8HAM5k-dYA41pC9CyQoiZRd8-RcmM31Il69z" version="1.3"
  xmlns="http://www.imsglobal.org/xsd/imscp_v1p1"
  xmlns:xsi="http://www.w3.org/2001/XMLSchema-instance"
  xmlns:adlcp="http://www.adlnet.org/xsd/adlcp_v1p3"
  xmlns:adlseq="http://www.adlnet.org/xsd/adlseq_v1p3"
  xmlns:imsss="http://www.imsglobal.org/xsd/imsss"
  xsi:schemaLocation="http://www.imsglobal.org/xsd/imscp_v1p1 imscp_v1p1.xsd
                      http://www.adlnet.org/xsd/adlcp_v1p3 adlcp_v1p3.xsd
                      http://www.adlnet.org/xsd/adlseq_v1p3 adlseq_v1p3.xsd
                      http://www.imsglobal.org/xsd/imsss imsss_v1p0.xsd">
  <metadata>
    <schema>ADL SCORM</schema>
    <schemaversion>CAM 1.3</schemaversion>
    <adlcp:location>metadata.xml</adlcp:location>
  </metadata>
  <organizations default="B0">
    <organization identifier="B0" adlseq:objectivesGlobalToSystem="false">
      <title>Employee Engagement - Module 4 - Learning Styles and Generations</title>
      <item identifier="i1" identifierref="r1" isvisible="true">
        <title>Employee Engagement - Module 4 - Learning Styles and Generations</title>
        <adlcp:dataFromLMS>eyJjcHYiOiJNMzFJbDY5eiIsInJsZCI6ZmFsc2V9</adlcp:dataFromLMS>
        <imsss:sequencing>
          <imsss:deliveryControls tracked="true" completionSetByContent="true" objectiveSetByContent="true"/>
        </imsss:sequencing>
      </item>
      <metadata>
        <adlcp:location>metadata.xml</adlcp:location>
      </metadata>
      <imsss:sequencing>
        <imsss:controlMode choice="true" flow="true"/>
      </imsss:sequencing>
    </organization>
  </organizations>
  <resources>
    <resource identifier="r1" type="webcontent" adlcp:scormType="sco" href="scormdriver/indexAPI.html">
      <!-- SCORMDRIVER STUFF -->
      <file href="scormdriver/indexAPI.html" />
      <file href="scormdriver/preloadIntegrity.js" />
      <file href="scormdriver/driverOptions.js" />
      <file href="scormdriver/AICCComm.html" />
      <file href="scormdriver/auto-scripts/AutoBookmark.js" />
      <file href="scormdriver/auto-scripts/AutoCompleteSCO.js" />
      <file href="scormdriver/auto-scripts/CourseExit.js" />
      <file href="scormdriver/blank.html" />
      <file href="scormdriver/goodbye.html" />
      <file href="scormdriver/scormdriver.js" />
      <file href="scormdriver/browsersniff.js" />
      <file href="scormcontent/lib/main.bundle.js"/>

      <!-- RUNTIME COMMON STUFF -->
      <file href="scormcontent/index.html" />

      
        <file href="scormcontent/lib/fonts/icomoon.ttf"/>
        <file href="scormcontent/lib/fonts/icomoon.woff"/>

        <file href="scormcontent/lib/icomoon.css"/>
        <file href="scormcontent/lib/main.bundle.css"/>
        <file href="scormcontent/lib/player-0.0.11.min.js"/>
        <file href="scormcontent/lib/lzwcompress.js"/>
      

      <!-- RUNTIME CONTENT STUFF -->
      <file href="scormcontent/assets/OOkS1tGMfnxfdwbS/player-interface.js" />
<file href="scormcontent/assets/NJ98pHtBr2Ui0nyd/player-interface.js" />
<file href="scormcontent/assets/OOkS1tGMfnxfdwbS/analytics-frame.html" />
<file href="scormcontent/assets/OOkS1tGMfnxfdwbS/html5/data/css/output.min.css" />
<file href="scormcontent/assets/OOkS1tGMfnxfdwbS/html5/data/js/67h9pgoDlhQ.js" />
<file href="scormcontent/assets/OOkS1tGMfnxfdwbS/html5/data/js/data.js" />
<file href="scormcontent/assets/OOkS1tGMfnxfdwbS/html5/data/js/frame.js" />
<file href="scormcontent/assets/OOkS1tGMfnxfdwbS/html5/data/js/paths.js" />
<file href="scormcontent/assets/OOkS1tGMfnxfdwbS/html5/lib/scripts/bootstrapper.min.js" />
<file href="scormcontent/assets/OOkS1tGMfnxfdwbS/html5/lib/scripts/frame.desktop.min.js" />
<file href="scormcontent/assets/OOkS1tGMfnxfdwbS/html5/lib/scripts/frame.mobile.min.js" />
<file href="scormcontent/assets/OOkS1tGMfnxfdwbS/html5/lib/scripts/slides.min.js" />
<file href="scormcontent/assets/OOkS1tGMfnxfdwbS/html5/lib/stylesheets/desktop.min.css" />
<file href="scormcontent/assets/OOkS1tGMfnxfdwbS/html5/lib/stylesheets/mobile-fonts/open-sans-bold.woff" />
<file href="scormcontent/assets/OOkS1tGMfnxfdwbS/html5/lib/stylesheets/mobile-fonts/open-sans-light.woff" />
<file href="scormcontent/assets/OOkS1tGMfnxfdwbS/html5/lib/stylesheets/mobile-fonts/open-sans-regular.woff" />
<file href="scormcontent/assets/OOkS1tGMfnxfdwbS/html5/lib/stylesheets/mobile.min.css" />
<file href="scormcontent/assets/OOkS1tGMfnxfdwbS/meta.xml" />
<file href="scormcontent/assets/OOkS1tGMfnxfdwbS/mobile/5UxXhIaRkkZ_80_P_46_0_1955_1536_DX888_DY888_CX667_CY524.jpg" />
<file href="scormcontent/assets/OOkS1tGMfnxfdwbS/mobile/5hDk1gMtVao_80_P_46_0_1955_1536_DX822_DY822_CX618_CY485.jpg" />
<file href="scormcontent/assets/OOkS1tGMfnxfdwbS/mobile/5qAWM4rQyh0_80_P_0_380_1638_1286_DX982_DY982_CX618_CY485.jpg" />
<file href="scormcontent/assets/OOkS1tGMfnxfdwbS/mobile/61ulAbUTuzR_80_P_0_0_2048_282_DX1920_DY1920_CX1501_CY207.jpg" />
<file href="scormcontent/assets/OOkS1tGMfnxfdwbS/mobile/6OzQJnKXiIq_80_P_154_0_1738_1365_DX926_DY926_CX618_CY485.jpg" />
<file href="scormcontent/assets/OOkS1tGMfnxfdwbS/mobile/6gq63dq0r7I_80_P_154_0_1739_1366_DX926_DY926_CX618_CY485.jpg" />
<file href="scormcontent/assets/OOkS1tGMfnxfdwbS/story.html" />
<file href="scormcontent/assets/OOkS1tGMfnxfdwbS/story.swf" />
<file href="scormcontent/assets/OOkS1tGMfnxfdwbS/story_content/5UxXhIaRkkZ_80_P_46_0_1955_1536_DX888_DY888.jpg" />
<file href="scormcontent/assets/OOkS1tGMfnxfdwbS/story_content/5hDk1gMtVao_80_P_46_0_1955_1536_DX822_DY822.jpg" />
<file href="scormcontent/assets/OOkS1tGMfnxfdwbS/story_content/5qAWM4rQyh0_80_P_0_380_1638_1286_DX982_DY982.jpg" />
<file href="scormcontent/assets/OOkS1tGMfnxfdwbS/story_content/61ulAbUTuzR_80_P_0_0_2048_282_DX1920_DY1920.jpg" />
<file href="scormcontent/assets/OOkS1tGMfnxfdwbS/story_content/6OzQJnKXiIq_80_P_154_0_1738_1365_DX926_DY926.jpg" />
<file href="scormcontent/assets/OOkS1tGMfnxfdwbS/story_content/6gq63dq0r7I_80_P_154_0_1739_1366_DX926_DY926.jpg" />
<file href="scormcontent/assets/OOkS1tGMfnxfdwbS/story_content/FontFactory.swf" />
<file href="scormcontent/assets/OOkS1tGMfnxfdwbS/story_content/blank.html" />
<file href="scormcontent/assets/OOkS1tGMfnxfdwbS/story_content/data.swf" />
<file href="scormcontent/assets/OOkS1tGMfnxfdwbS/story_content/fonts.swf" />
<file href="scormcontent/assets/OOkS1tGMfnxfdwbS/story_content/frame.swf" />
<file href="scormcontent/assets/OOkS1tGMfnxfdwbS/story_content/frame.xml" />
<file href="scormcontent/assets/OOkS1tGMfnxfdwbS/story_content/slides/67h9pgoDlhQ.swf" />
<file href="scormcontent/assets/OOkS1tGMfnxfdwbS/story_content/story.js" />
<file href="scormcontent/assets/OOkS1tGMfnxfdwbS/story_content/thumbnail.jpg" />
<file href="scormcontent/assets/OOkS1tGMfnxfdwbS/story_content/user.js" />
<file href="scormcontent/assets/OOkS1tGMfnxfdwbS/story_flash.html" />
<file href="scormcontent/assets/OOkS1tGMfnxfdwbS/story_html5.html" />
<file href="scormcontent/assets/OOkS1tGMfnxfdwbS/threeSixty.json" />
<file href="scormcontent/assets/OOkS1tGMfnxfdwbS/tincan.xml" />
<file href="scormcontent/assets/NJ98pHtBr2Ui0nyd/analytics-frame.html" />
<file href="scormcontent/assets/NJ98pHtBr2Ui0nyd/html5/data/css/output.min.css" />
<file href="scormcontent/assets/NJ98pHtBr2Ui0nyd/html5/data/js/64vgsOHjFjP.js" />
<file href="scormcontent/assets/NJ98pHtBr2Ui0nyd/html5/data/js/data.js" />
<file href="scormcontent/assets/NJ98pHtBr2Ui0nyd/html5/data/js/frame.js" />
<file href="scormcontent/assets/NJ98pHtBr2Ui0nyd/html5/data/js/paths.js" />
<file href="scormcontent/assets/NJ98pHtBr2Ui0nyd/html5/lib/scripts/bootstrapper.min.js" />
<file href="scormcontent/assets/NJ98pHtBr2Ui0nyd/html5/lib/scripts/frame.desktop.min.js" />
<file href="scormcontent/assets/NJ98pHtBr2Ui0nyd/html5/lib/scripts/frame.mobile.min.js" />
<file href="scormcontent/assets/NJ98pHtBr2Ui0nyd/html5/lib/scripts/slides.min.js" />
<file href="scormcontent/assets/NJ98pHtBr2Ui0nyd/html5/lib/stylesheets/desktop.min.css" />
<file href="scormcontent/assets/NJ98pHtBr2Ui0nyd/html5/lib/stylesheets/mobile-fonts/open-sans-bold.woff" />
<file href="scormcontent/assets/NJ98pHtBr2Ui0nyd/html5/lib/stylesheets/mobile-fonts/open-sans-light.woff" />
<file href="scormcontent/assets/NJ98pHtBr2Ui0nyd/html5/lib/stylesheets/mobile-fonts/open-sans-regular.woff" />
<file href="scormcontent/assets/NJ98pHtBr2Ui0nyd/html5/lib/stylesheets/mobile.min.css" />
<file href="scormcontent/assets/NJ98pHtBr2Ui0nyd/meta.xml" />
<file href="scormcontent/assets/NJ98pHtBr2Ui0nyd/mobile/poster_6IxlBYtPx5p_video_6MfqmfErJwj_22_56_912x514.jpg" />
<file href="scormcontent/assets/NJ98pHtBr2Ui0nyd/story.html" />
<file href="scormcontent/assets/NJ98pHtBr2Ui0nyd/story_content/6IxlBYtPx5p_captions.js" />
<file href="scormcontent/assets/NJ98pHtBr2Ui0nyd/story_content/thumbnail.jpg" />
<file href="scormcontent/assets/NJ98pHtBr2Ui0nyd/story_content/user.js" />
<file href="scormcontent/assets/NJ98pHtBr2Ui0nyd/story_content/video_6MfqmfErJwj_22_56_912x514.mp4" />
<file href="scormcontent/assets/NJ98pHtBr2Ui0nyd/threeSixty.json" />
<file href="scormcontent/lib/fonts/OpenSans-Italic.woff" />
<file href="scormcontent/lib/fonts/OpenSans-Bold.woff" />
<file href="scormcontent/lib/fonts/OpenSans-Regular.woff" />
<file href="scormcontent/lib/fonts/OpenSans-Light.woff" />
<file href="scormcontent/lib/fonts/Lato-Black.woff" />
<file href="scormcontent/lib/fonts/Lato-Italic.woff" />
<file href="scormcontent/lib/fonts/Lato-Bold.woff" />
<file href="scormcontent/lib/fonts/Lato-Regular.woff" />
<file href="scormcontent/lib/fonts/Lato-Light.woff" />
<file href="scormcontent/lib/fonts/Inter-Medium.woff" />
<file href="scormcontent/lib/fonts/Inter-Black.woff" />
<file href="scormcontent/lib/fonts/Inter-Bold.woff" />
<file href="scormcontent/lib/fonts/Inter-Regular.woff" />
<file href="scormcontent/lib/fonts/Inter-Light.woff" />
<file href="scormcontent/assets/d1AonS_6_BloozFM_small.png" />
<file href="scormcontent/assets/muMhOi37FTLGzH29_IrN0VswAgyxcoAl8.jpg" />
<file href="scormcontent/assets/gy9YptD1gIqAGD0X_XgLPkKuz8sV8LhVn.png" />
<file href="scormcontent/assets/tGkfEAzDinG1Xkww_story.html" />
<file href="scormcontent/assets/IRl76xwkvd9ncUya_TzuGLDkL9ZJbZviy.jpg" />
<file href="scormcontent/assets/wrBPxAOTGfxN4DIt_ZEggCkn2X9u2uBu9-Learning%20Styles%20Activity.docx" />
<file href="scormcontent/assets/9SIteGsSh2VS7KD0_wBNxJTLKhGJoC1Nx.jpg" />
<file href="scormcontent/assets/yKxTHUe4CJJBAInw_xdI3RjiHjOAruiOK.png" />
<file href="scormcontent/assets/jdnb5VYojRLnLhjM_story.html" />
<file href="scormcontent/assets/sME1FzadVkdDZoch_9NRtRDnNs3A8J3ap.jpg" />
<file href="scormcontent/assets/A6JOi4r4Z6hpztXN_AqyWg2nLSX2s3hAw.png" />
<file href="scormcontent/assets/Kcr94droK8zwuHD5_zmZzGFEhvVuyo1v2.gif" />
<file href="scormcontent/assets/EGVRUSc250byLkeh_UE1akkUPu6y6RR6f.png" />
<file href="scormcontent/assets/QDWtIqZVtZRtt5Qk_cover-image-0.jpg" />
<file href="scormcontent/assets/wlE7gHAWc5-KObwA_example-header-image.jpg" />

    </resource>
  </resources>
</manifest>
