﻿<?xml version="1.0" encoding="utf-8"?><meta xmlns:xsi="http://www.w3.org/2001/XMLSchema-instance" xmlns:xsd="http://www.w3.org/2001/XMLSchema"><project id="67Bh9LrKd5b" courseid="5Xpqi5iPNdc_course_id" thumburl="story_content/thumbnail.jpg" title="Icon Tabs Interaction by Montse" datepublished="2023-02-14T21:21:40" version="1.0.0.0" flashdata="story_content/data.swf" html5data="mobile/data.json" mobiledata="mobile/data.gz" enabledownload="false" duration="About 5 seconds" totalaudio="0" totalvideo="0"><description>Icon Tabs Interaction by Montse</description><keywords /><slidemeta moniker="slide" monikerplural="slides" viewslides="1" slidecountdescription="1 slide" /><author name="Montse" email="montse@elearningdesigner.com" website="http://elearningdesigner.com" /><application name="Articulate Storyline" version="3.72.29654.0" xmlversion="4.0" /></project></meta>