<?xml version="1.0" encoding="utf-8"?>
<tincan xmlns:xsi="http://www.w3.org/2001/XMLSchema-instance" xmlns:xsd="http://www.w3.org/2001/XMLSchema" xmlns="http://projecttincan.com/tincan.xsd">
	<activities>
		<activity id="5Xpqi5iPNdc_course_id" type="http://adlnet.gov/expapi/activities/course">
			<name lang="und">Icon Tabs Interaction by Montse</name>
			<description lang="und">Icon Tabs Interaction by Montse</description>
			<launch lang="und">index_lms.html</launch>
		</activity>
		<activity id="5Xpqi5iPNdc_course_id/67h9pgoDlhQ" type="http://adlnet.gov/expapi/activities/module">
			<name lang="und">Icon Tabs</name>
			<description lang="und">Icon Tabs</description>
		</activity>
	</activities>
</tincan>